{"PersonID":1735,"PhotoURL":"http://scottishparliament.thirdlight.com/file/35820129812","Notes":"","BirthDate":"1970-07-15T00:00:00","BirthDateIsProtected":false,"ParliamentaryName":"Constance, Angela","PreferredName":"Angela","GenderTypeID":1,"IsCurrent":true},{"PersonID":1741,"PhotoURL":"","Notes":"","BirthDate":null,"BirthDateIsProtected":false,"ParliamentaryName":"Goldie, Annabel","PreferredName":"Annabel","GenderTypeID":1,"IsCurrent":false},{"PersonID":1742,"PhotoURL":"http://scottishparliament.thirdlight.com/file/72955716730","Notes":"","BirthDate":"1960-08-20T00:00:00","BirthDateIsProtected":false,"ParliamentaryName":"Ewing, Annabelle","PreferredName":"Annabelle","GenderTypeID":1,"IsCurrent":true},{"PersonID":1751,"PhotoURL":"","Notes":"","BirthDate":null,"BirthDateIsProtected":false,"ParliamentaryName":"Craigie, Cathie","PreferredName":"Cathie","GenderTypeID":1,"IsCurrent":false},{"PersonID":1752,"PhotoURL":"","Notes":"","BirthDate":null,"BirthDateIsProtected":false,"ParliamentaryName":"Jamieson, Cathy","PreferredName":"Cathy","GenderTypeID":1,"IsCurrent":false},{"PersonID":1754,"PhotoURL":"","Notes":"","BirthDate":null,"BirthDateIsProtected":false,"ParliamentaryName":"Peattie, Cathy","PreferredName":"Cathy","GenderTypeID":1,"IsCurrent":false},{"PersonID":1756,"PhotoURL":"http://scottishparliament.thirdlight.com/file/35819883370","Notes":"","BirthDate":"1944-09-09T00:00:00","BirthDateIsProtected":false,"ParliamentaryName":"Grahame, Christine","PreferredName":"Christine","GenderTypeID":1,"IsCurrent":true},{"PersonID":1759,"PhotoURL":"","Notes":"Twitter @Claudiabeamish\\r\\nFacebook: www.facebook.com/claudiabeamish","BirthDate":null,"BirthDateIsProtected":false,"ParliamentaryName":"Beamish, Claudia","PreferredName":"Claudia","GenderTypeID":1,"IsCurrent":false},{"PersonID":1762,"PhotoURL":"","Notes":"","BirthDate":null,"BirthDateIsProtected":false,"ParliamentaryName":"Elder, Dorothy-Grace","PreferredName":"Dorothy-Grace","GenderTypeID":1,"IsCurrent":false},{"PersonID":1768,"PhotoURL":"","Notes":"","BirthDate":null,"BirthDateIsProtected":false,"ParliamentaryName":"Murray, Elaine","PreferredName":"Elaine","GenderTypeID":1,"IsCurrent":false},{"PersonID":1769,"PhotoURL":"","Notes":"","BirthDate":null,"BirthDateIsProtected":false,"ParliamentaryName":"Smith, Elaine","PreferredName":"Elaine","GenderTypeID":1,"IsCurrent":false},{"PersonID":1770,"PhotoURL":"","Notes":"","BirthDate":null,"BirthDateIsProtected":false,"ParliamentaryName":"Thomson, Elaine","PreferredName":"Elaine","GenderTypeID":1,"IsCurrent":false},{"PersonID":1771,"PhotoURL":"","Notes":"","BirthDate":null,"BirthDateIsProtected":false,"ParliamentaryName":"Scott, Eleanor","PreferredName":"Eleanor","GenderTypeID":1,"IsCurrent":false},{"PersonID":1773,"PhotoURL":"http://scottishparliament.thirdlight.com/file/35855660228","Notes":"","BirthDate":"1964-08-01T00:00:00","BirthDateIsProtected":false,"ParliamentaryName":"Hyslop, Fiona","PreferredName":"Fiona","GenderTypeID":1,"IsCurrent":true},{"PersonID":1775,"PhotoURL":"","Notes":"","BirthDate":null,"BirthDateIsProtected":false,"ParliamentaryName":"McLeod, Fiona","PreferredName":"Fiona","GenderTypeID":1,"IsCurrent":false},{"PersonID":1778,"PhotoURL":"","Notes":"","BirthDate":null,"BirthDateIsProtected":true,"ParliamentaryName":"Eadie, Helen","PreferredName":"Helen","GenderTypeID":1,"IsCurrent":false},{"PersonID":1781,"PhotoURL":"","Notes":"","BirthDate":null,"BirthDateIsProtected":false,"ParliamentaryName":"McGugan, Irene","PreferredName":"Irene","GenderTypeID":1,"IsCurrent":false},{"PersonID":1782,"PhotoURL":"","Notes":"","BirthDate":null,"BirthDateIsProtected":true,"ParliamentaryName":"Oldfather, Irene","PreferredName":"Irene","GenderTypeID":1,"IsCurrent":false},{"PersonID":1783,"PhotoURL":"http://scottishparliament.thirdlight.com/file/35855660953","Notes":"http://www.facebook.com/jackie.baillie","BirthDate":"1964-01-15T00:00:00","BirthDateIsProtected":false,"ParliamentaryName":"Baillie, Jackie","PreferredName":"Jackie","GenderTypeID":1,"IsCurrent":true},{"PersonID":1791,"PhotoURL":"","Notes":"","BirthDate":null,"BirthDateIsProtected":false,"ParliamentaryName":"Hughes, Janis","PreferredName":"Janis","GenderTypeID":1,"IsCurrent":false},{"PersonID":1793,"PhotoURL":"","Notes":"Facebook: http://www.facebook.com/JeanUrquhartMSP\\r\\nTwitter: https://twitter.com/JeanUrquhartMSP","BirthDate":null,"BirthDateIsProtected":false,"ParliamentaryName":"Urquhart, Jean","PreferredName":"Jean","GenderTypeID":1,"IsCurrent":false},{"PersonID":1803,"PhotoURL":"","Notes":"","BirthDate":null,"BirthDateIsProtected":false,"ParliamentaryName":"Gillon, Karen","PreferredName":"Karen","GenderTypeID":1,"IsCurrent":false},{"PersonID":1805,"PhotoURL":"","Notes":"","BirthDate":null,"BirthDateIsProtected":false,"ParliamentaryName":"Whitefield, Karen","PreferredName":"Karen","GenderTypeID":1,"IsCurrent":false},{"PersonID":1807,"PhotoURL":"","Notes":"","BirthDate":null,"BirthDateIsProtected":false,"ParliamentaryName":"Maclean, Kate","PreferredName":"Kate","GenderTypeID":1,"IsCurrent":false},{"PersonID":1811,"PhotoURL":"","Notes":"","BirthDate":null,"BirthDateIsProtected":false,"ParliamentaryName":"Ullrich, Kay","PreferredName":"Kay","GenderTypeID":1,"IsCurrent":false},{"PersonID":1814,"PhotoURL":"","Notes":"Declared ethnicity as Scottish.","BirthDate":null,"BirthDateIsProtected":false,"ParliamentaryName":"Fabiani, Linda","PreferredName":"Linda","GenderTypeID":1,"IsCurrent":false},{"PersonID":1820,"PhotoURL":"","Notes":"","BirthDate":null,"BirthDateIsProtected":false,"ParliamentaryName":"Curran, Margaret","PreferredName":"Margaret","GenderTypeID":1,"IsCurrent":false},{"PersonID":1821,"PhotoURL":"","Notes":"\\r\\nDeclared ethnicity as Scottish.","BirthDate":null,"BirthDateIsProtected":false,"ParliamentaryName":"Ewing, Mrs Margaret","PreferredName":"Margaret","GenderTypeID":1,"IsCurrent":false},{"PersonID":1823,"PhotoURL":"","Notes":"","BirthDate":null,"BirthDateIsProtected":false,"ParliamentaryName":"Jamieson, Margaret","PreferredName":"Margaret","GenderTypeID":1,"IsCurrent":false},{"PersonID":1826,"PhotoURL":"","Notes":"","BirthDate":null,"BirthDateIsProtected":false,"ParliamentaryName":"Smith, Margaret","PreferredName":"Margaret","GenderTypeID":1,"IsCurrent":false},{"PersonID":1828,"PhotoURL":"","Notes":"","BirthDate":null,"BirthDateIsProtected":false,"ParliamentaryName":"MacDonald, Margo","PreferredName":"Margo","GenderTypeID":1,"IsCurrent":false},{"PersonID":1831,"PhotoURL":"","Notes":"","BirthDate":null,"BirthDateIsProtected":false,"ParliamentaryName":"Glen, Marlyn","PreferredName":"Marlyn","GenderTypeID":1,"IsCurrent":false},{"PersonID":1832,"PhotoURL":"","Notes":"","BirthDate":null,"BirthDateIsProtected":false,"ParliamentaryName":"Livingstone, Marilyn","PreferredName":"Marilyn","GenderTypeID":1,"IsCurrent":false},{"PersonID":1837,"PhotoURL":"","Notes":"","BirthDate":null,"BirthDateIsProtected":false,"ParliamentaryName":"Mulligan, Mary","PreferredName":"Mary","GenderTypeID":1,"IsCurrent":false},{"PersonID":1839,"PhotoURL":"","Notes":"","BirthDate":null,"BirthDateIsProtected":false,"ParliamentaryName":"Scanlon, Mary","PreferredName":"Mary","GenderTypeID":1,"IsCurrent":false},{"PersonID":1840,"PhotoURL":"","Notes":"\\r\\nDeclared ethnicity as European/Caucasion.","BirthDate":null,"BirthDateIsProtected":false,"ParliamentaryName":"Macmillan, Maureen","PreferredName":"Maureen","GenderTypeID":1,"IsCurrent":false},{"PersonID":1841,"PhotoURL":"","Notes":"","BirthDate":null,"BirthDateIsProtected":false,"ParliamentaryName":"Watt, Maureen","PreferredName":"Maureen","GenderTypeID":1,"IsCurrent":false},{"PersonID":1845,"PhotoURL":"","Notes":"","BirthDate":null,"BirthDateIsProtected":false,"ParliamentaryName":"Milne, Nanette","PreferredName":"Nanette","GenderTypeID":1,"IsCurrent":false},{"PersonID":1848,"PhotoURL":"http://scottishparliament.thirdlight.com/file/9853640645","Notes":"","BirthDate":"1970-07-19T00:00:00","BirthDateIsProtected":false,"ParliamentaryName":"Sturgeon, Nicola","PreferredName":"Nicola","GenderTypeID":1,"IsCurrent":true},{"PersonID":1850,"PhotoURL":"","Notes":"District Councillor Gordon District 1988-92","BirthDate":null,"BirthDateIsProtected":false,"ParliamentaryName":"Radcliffe, Nora","PreferredName":"Nora","GenderTypeID":1,"IsCurrent":false},{"PersonID":1853,"PhotoURL":"","Notes":"","BirthDate":null,"BirthDateIsProtected":false,"ParliamentaryName":"Ferguson, Patricia","PreferredName":"Patricia","GenderTypeID":1,"IsCurrent":false},{"PersonID":1854,"PhotoURL":"","Notes":"","BirthDate":null,"BirthDateIsProtected":false,"ParliamentaryName":"Godman, Trish","PreferredName":"Trish","GenderTypeID":1,"IsCurrent":false},{"PersonID":1857,"PhotoURL":"http://scottishparliament.thirdlight.com/file/35960261831","Notes":"","BirthDate":"1962-09-12T00:00:00","BirthDateIsProtected":false,"ParliamentaryName":"McNeill, Pauline","PreferredName":"Pauline","GenderTypeID":1,"IsCurrent":true},{"PersonID":1860,"PhotoURL":"http://scottishparliament.thirdlight.com/file/41869411513","Notes":"","BirthDate":"1963-06-26T00:00:00","BirthDateIsProtected":false,"ParliamentaryName":"Grant, Rhoda","PreferredName":"Rhoda","GenderTypeID":1,"IsCurrent":true},{"PersonID":1862,"PhotoURL":"","Notes":"","BirthDate":null,"BirthDateIsProtected":false,"ParliamentaryName":"Brankin, Rhona","PreferredName":"Rhona","GenderTypeID":1,"IsCurrent":false},{"PersonID":1863,"PhotoURL":"","Notes":"","BirthDate":null,"BirthDateIsProtected":false,"ParliamentaryName":"Cunningham, Roseanna","PreferredName":"Roseanna","GenderTypeID":1,"IsCurrent":false},{"PersonID":1865,"PhotoURL":"","Notes":"","BirthDate":null,"BirthDateIsProtected":false,"ParliamentaryName":"White, Sandra","PreferredName":"Sandra","GenderTypeID":1,"IsCurrent":false},{"PersonID":1866,"PhotoURL":"http://scottishparliament.thirdlight.com/file/56418919750","Notes":"","BirthDate":"1961-05-16T00:00:00","BirthDateIsProtected":false,"ParliamentaryName":"Boyack, Sarah","PreferredName":"Sarah","GenderTypeID":1,"IsCurrent":true},{"PersonID":1869,"PhotoURL":"","Notes":"2003 Affirmation","BirthDate":null,"BirthDateIsProtected":false,"ParliamentaryName":"Baird, Shiona","PreferredName":"Shiona","GenderTypeID":1,"IsCurrent":false},{"PersonID":1870,"PhotoURL":"http://scottishparliament.thirdlight.com/file/35820938944","Notes":"","BirthDate":"1966-05-26T00:00:00","BirthDateIsProtected":false,"ParliamentaryName":"Robison, Shona","PreferredName":"Shona","GenderTypeID":1,"IsCurrent":true},{"PersonID":1871,"PhotoURL":"","Notes":"","BirthDate":null,"BirthDateIsProtected":false,"ParliamentaryName":"Deacon, Susan","PreferredName":"Susan","GenderTypeID":1,"IsCurrent":false},{"PersonID":1873,"PhotoURL":"","Notes":"","BirthDate":null,"BirthDateIsProtected":false,"ParliamentaryName":"Jackson, Dr Sylvia","PreferredName":"Sylvia","GenderTypeID":1,"IsCurrent":false},{"PersonID":1876,"PhotoURL":"","Notes":"","BirthDate":null,"BirthDateIsProtected":false,"ParliamentaryName":"Marwick, Tricia","PreferredName":"Tricia","GenderTypeID":1,"IsCurrent":false},{"PersonID":1877,"PhotoURL":"","Notes":"","BirthDate":null,"BirthDateIsProtected":true,"ParliamentaryName":"Alexander, Ms Wendy","PreferredName":"Wendy","GenderTypeID":1,"IsCurrent":false},{"PersonID":1878,"PhotoURL":"","Notes":"\\r\\nMade a solemn affirmation in Gaelic.","BirthDate":null,"BirthDateIsProtected":false,"ParliamentaryName":"Ewing, Dr Winnie","PreferredName":"Winnie","GenderTypeID":1,"IsCurrent":false},{"PersonID":1882,"PhotoURL":"","Notes":"","BirthDate":null,"BirthDateIsProtected":false,"ParliamentaryName":"Ingram, Adam","PreferredName":"Adam","GenderTypeID":2,"IsCurrent":false},{"PersonID":1888,"PhotoURL":"","Notes":"","BirthDate":null,"BirthDateIsProtected":false,"ParliamentaryName":"Morgan, Alasdair","PreferredName":"Alasdair","GenderTypeID":2,"IsCurrent":false},{"PersonID":1889,"PhotoURL":"","Notes":"\\r\\nRepeated the Oath in Gaelic.","BirthDate":null,"BirthDateIsProtected":false,"ParliamentaryName":"Morrison, Mr Alasdair","PreferredName":"Alasdair","GenderTypeID":2,"IsCurrent":false},{"PersonID":1892,"PhotoURL":"","Notes":"","BirthDate":null,"BirthDateIsProtected":false,"ParliamentaryName":"Fergusson, Alex","PreferredName":"Alex","GenderTypeID":2,"IsCurrent":false},{"PersonID":1893,"PhotoURL":"","Notes":"","BirthDate":null,"BirthDateIsProtected":false,"ParliamentaryName":"Johnstone, Alex","PreferredName":"Alex","GenderTypeID":2,"IsCurrent":false},{"PersonID":1894,"PhotoURL":"","Notes":"\\r\\nDeclared ethnicity as Scottish.","BirthDate":null,"BirthDateIsProtected":false,"ParliamentaryName":"Neil, Alex","PreferredName":"Alex","GenderTypeID":2,"IsCurrent":false},{"PersonID":1895,"PhotoURL":"","Notes":"","BirthDate":null,"BirthDateIsProtected":false,"ParliamentaryName":"Salmond, Alex","PreferredName":"Alex","GenderTypeID":2,"IsCurrent":false},{"PersonID":1901,"PhotoURL":"","Notes":"","BirthDate":null,"BirthDateIsProtected":false,"ParliamentaryName":"Wilson, Allan","PreferredName":"Allan","GenderTypeID":2,"IsCurrent":false},{"PersonID":1906,"PhotoURL":"","Notes":"","BirthDate":null,"BirthDateIsProtected":false,"ParliamentaryName":"Welsh, Andrew","PreferredName":"Andrew","GenderTypeID":2,"IsCurrent":false},{"PersonID":1907,"PhotoURL":"","Notes":"","BirthDate":null,"BirthDateIsProtected":false,"ParliamentaryName":"Wilson, Andrew","PreferredName":"Andrew","GenderTypeID":2,"IsCurrent":false},{"PersonID":1908,"PhotoURL":"","Notes":"","BirthDate":null,"BirthDateIsProtected":false,"ParliamentaryName":"Kerr, Andy","PreferredName":"Andy","GenderTypeID":2,"IsCurrent":false},{"PersonID":1911,"PhotoURL":"","Notes":"","BirthDate":null,"BirthDateIsProtected":false,"ParliamentaryName":"MacKay, Angus","PreferredName":"Angus","GenderTypeID":2,"IsCurrent":false},{"PersonID":1915,"PhotoURL":"","Notes":"","BirthDate":null,"BirthDateIsProtected":false,"ParliamentaryName":"Ahmad, Bashir","PreferredName":"Bashir","GenderTypeID":2,"IsCurrent":false},{"PersonID":1916,"PhotoURL":"","Notes":"","BirthDate":null,"BirthDateIsProtected":false,"ParliamentaryName":"Wallace, Ben","PreferredName":"Ben","GenderTypeID":2,"IsCurrent":false},{"PersonID":1921,"PhotoURL":"","Notes":"","BirthDate":null,"BirthDateIsProtected":false,"ParliamentaryName":"Wilson, Bill","PreferredName":"Bill","GenderTypeID":2,"IsCurrent":false},{"PersonID":1926,"PhotoURL":"","Notes":"2003 Affirmation","BirthDate":null,"BirthDateIsProtected":false,"ParliamentaryName":"Adam, Brian","PreferredName":"Brian","GenderTypeID":2,"IsCurrent":false},{"PersonID":1928,"PhotoURL":"","Notes":"","BirthDate":null,"BirthDateIsProtected":false,"ParliamentaryName":"Fitzpatrick, Brian","PreferredName":"Brian","GenderTypeID":2,"IsCurrent":false},{"PersonID":1930,"PhotoURL":"","Notes":"","BirthDate":null,"BirthDateIsProtected":false,"ParliamentaryName":"Monteith, Mr Brian","PreferredName":"Brian","GenderTypeID":2,"IsCurrent":false},{"PersonID":1931,"PhotoURL":"","Notes":"","BirthDate":null,"BirthDateIsProtected":false,"ParliamentaryName":"Muldoon, Bristow","PreferredName":"Bristow","GenderTypeID":2,"IsCurrent":false},{"PersonID":1932,"PhotoURL":"","Notes":"","BirthDate":null,"BirthDateIsProtected":false,"ParliamentaryName":"Crawford, Bruce","PreferredName":"Bruce","GenderTypeID":2,"IsCurrent":false},{"PersonID":1943,"PhotoURL":"","Notes":"","BirthDate":null,"BirthDateIsProtected":false,"ParliamentaryName":"Brodie, Chic","PreferredName":"Chic","GenderTypeID":2,"IsCurrent":false},{"PersonID":1944,"PhotoURL":"","Notes":"2003 Affirmation","BirthDate":null,"BirthDateIsProtected":false,"ParliamentaryName":"Ballance, Chris","PreferredName":"Chris","GenderTypeID":2,"IsCurrent":false},{"PersonID":1950,"PhotoURL":"","Notes":"","BirthDate":null,"BirthDateIsProtected":false,"ParliamentaryName":"Campbell, Colin","PreferredName":"Colin","GenderTypeID":2,"IsCurrent":false},{"PersonID":1956,"PhotoURL":"","Notes":"","BirthDate":null,"BirthDateIsProtected":false,"ParliamentaryName":"Davidson, Mr David","PreferredName":"David","GenderTypeID":2,"IsCurrent":false},{"PersonID":1961,"PhotoURL":"","Notes":"","BirthDate":null,"BirthDateIsProtected":false,"ParliamentaryName":"McLetchie, David","PreferredName":"David","GenderTypeID":2,"IsCurrent":false},{"PersonID":1962,"PhotoURL":"","Notes":"","BirthDate":null,"BirthDateIsProtected":false,"ParliamentaryName":"Mundell, David","PreferredName":"David","GenderTypeID":2,"IsCurrent":false},{"PersonID":1963,"PhotoURL":"","Notes":"","BirthDate":null,"BirthDateIsProtected":false,"ParliamentaryName":"Petrie, Dave","PreferredName":"Dave","GenderTypeID":2,"IsCurrent":false},{"PersonID":1968,"PhotoURL":"","Notes":"","BirthDate":null,"BirthDateIsProtected":false,"ParliamentaryName":"Canavan, Dennis","PreferredName":"Dennis","GenderTypeID":2,"IsCurrent":false},{"PersonID":1970,"PhotoURL":"","Notes":"","BirthDate":null,"BirthDateIsProtected":false,"ParliamentaryName":"McNulty, Des","PreferredName":"Des","GenderTypeID":2,"IsCurrent":false},{"PersonID":1972,"PhotoURL":"","Notes":"Brahler ID changed from 0027 to 0027000 by AJP on 06/12/00 because Bill Butler assigned brahler ID of 0027.","BirthDate":null,"BirthDateIsProtected":false,"ParliamentaryName":"Dewar, Donald","PreferredName":"Donald","GenderTypeID":2,"IsCurrent":false},{"PersonID":1973,"PhotoURL":"","Notes":"","BirthDate":null,"BirthDateIsProtected":false,"ParliamentaryName":"Gorrie, Donald","PreferredName":"Donald","GenderTypeID":2,"IsCurrent":false},{"PersonID":1985,"PhotoURL":"","Notes":"","BirthDate":null,"BirthDateIsProtected":false,"ParliamentaryName":"Hamilton, Mr Duncan","PreferredName":"Duncan","GenderTypeID":2,"IsCurrent":false},{"PersonID":1986,"PhotoURL":"","Notes":"","BirthDate":null,"BirthDateIsProtected":false,"ParliamentaryName":"McNeil, Duncan","PreferredName":"Duncan","GenderTypeID":2,"IsCurrent":false},{"PersonID":1988,"PhotoURL":"","Notes":"","BirthDate":null,"BirthDateIsProtected":false,"ParliamentaryName":"Brocklebank, Ted","PreferredName":"Ted","GenderTypeID":2,"IsCurrent":false},{"PersonID":1990,"PhotoURL":"","Notes":"","BirthDate":null,"BirthDateIsProtected":false,"ParliamentaryName":"Robson, Euan","PreferredName":"Euan","GenderTypeID":2,"IsCurrent":false},{"PersonID":1994,"PhotoURL":"http://scottishparliament.thirdlight.com/file/35943512647","Notes":"Information on Fergus Ewing can also be found on http://www.snp.org","BirthDate":"1957-09-23T00:00:00","BirthDateIsProtected":false,"ParliamentaryName":"Ewing, Fergus","PreferredName":"Fergus","GenderTypeID":2,"IsCurrent":true},{"PersonID":1996,"PhotoURL":"","Notes":"","BirthDate":null,"BirthDateIsProtected":false,"ParliamentaryName":"McAveety, Mr Frank","PreferredName":"Frank","GenderTypeID":2,"IsCurrent":false},{"PersonID":2003,"PhotoURL":"","Notes":"","BirthDate":null,"BirthDateIsProtected":false,"ParliamentaryName":"Lyon, George","PreferredName":"George","GenderTypeID":2,"IsCurrent":false},{"PersonID":2005,"PhotoURL":"","Notes":"","BirthDate":null,"BirthDateIsProtected":false,"ParliamentaryName":"Reid, Mr George","PreferredName":"George","GenderTypeID":2,"IsCurrent":false},{"PersonID":2010,"PhotoURL":"","Notes":"","BirthDate":null,"BirthDateIsProtected":false,"ParliamentaryName":"Paterson, Gil","PreferredName":"Gil","GenderTypeID":2,"IsCurrent":false},{"PersonID":2013,"PhotoURL":"","Notes":"","BirthDate":null,"BirthDateIsProtected":false,"ParliamentaryName":"Jackson, Gordon","PreferredName":"Gordon","GenderTypeID":2,"IsCurrent":false},{"PersonID":2015,"PhotoURL":"","Notes":"","BirthDate":null,"BirthDateIsProtected":true,"ParliamentaryName":"Lindhurst, Gordon","PreferredName":"Gordon","GenderTypeID":2,"IsCurrent":false},{"PersonID":2028,"PhotoURL":"","Notes":"","BirthDate":null,"BirthDateIsProtected":false,"ParliamentaryName":"McLeish, Henry","PreferredName":"Henry","GenderTypeID":2,"IsCurrent":false},{"PersonID":2029,"PhotoURL":"","Notes":"","BirthDate":null,"BirthDateIsProtected":false,"ParliamentaryName":"Henry, Hugh","PreferredName":"Hugh","GenderTypeID":2,"IsCurrent":false},{"PersonID":2030,"PhotoURL":"","Notes":"","BirthDate":null,"BirthDateIsProtected":false,"ParliamentaryName":"O'Donnell, Hugh","PreferredName":"Hugh","GenderTypeID":2,"IsCurrent":false},{"PersonID":2033,"PhotoURL":"","Notes":"","BirthDate":null,"BirthDateIsProtected":false,"ParliamentaryName":"Gray, Iain","PreferredName":"Iain","GenderTypeID":2,"IsCurrent":false},{"PersonID":2038,"PhotoURL":"","Notes":"","BirthDate":null,"BirthDateIsProtected":false,"ParliamentaryName":"Smith, Iain","PreferredName":"Iain","GenderTypeID":2,"IsCurrent":false},{"PersonID":2044,"PhotoURL":"","Notes":"","BirthDate":null,"BirthDateIsProtected":false,"ParliamentaryName":"Jenkins, Ian","PreferredName":"Ian","GenderTypeID":2,"IsCurrent":false},{"PersonID":2049,"PhotoURL":"","Notes":"","BirthDate":null,"BirthDateIsProtected":false,"ParliamentaryName":"McKee, Ian","PreferredName":"Ian","GenderTypeID":2,"IsCurrent":false},{"PersonID":2051,"PhotoURL":"","Notes":"23-Nov-53\\r\\nBrahler ID as Elected MSP was 0119","BirthDate":null,"BirthDateIsProtected":false,"ParliamentaryName":"Welsh, Ian","PreferredName":"Ian","GenderTypeID":2,"IsCurrent":false},{"PersonID":2052,"PhotoURL":"","Notes":"","BirthDate":null,"BirthDateIsProtected":false,"ParliamentaryName":"McConnell, Jack","PreferredName":"Jack","GenderTypeID":2,"IsCurrent":false},{"PersonID":2056,"PhotoURL":"","Notes":"","BirthDate":null,"BirthDateIsProtected":false,"ParliamentaryName":"Douglas-Hamilton, Lord James","PreferredName":"James","GenderTypeID":2,"IsCurrent":false},{"PersonID":2059,"PhotoURL":"","Notes":"","BirthDate":null,"BirthDateIsProtected":false,"ParliamentaryName":"Kelly, James","PreferredName":"James","GenderTypeID":2,"IsCurrent":false},{"PersonID":2066,"PhotoURL":"","Notes":"","BirthDate":null,"BirthDateIsProtected":false,"ParliamentaryName":"McGrigor, Jamie","PreferredName":"Jamie","GenderTypeID":2,"IsCurrent":false},{"PersonID":2068,"PhotoURL":"","Notes":"","BirthDate":null,"BirthDateIsProtected":false,"ParliamentaryName":"Stone, Jamie","PreferredName":"Jamie","GenderTypeID":2,"IsCurrent":false},{"PersonID":2074,"PhotoURL":"","Notes":"","BirthDate":null,"BirthDateIsProtected":false,"ParliamentaryName":"Mather, Jim","PreferredName":"Jim","GenderTypeID":2,"IsCurrent":false},{"PersonID":2077,"PhotoURL":"","Notes":"","BirthDate":null,"BirthDateIsProtected":false,"ParliamentaryName":"Wallace, Mr Jim","PreferredName":"Jim","GenderTypeID":2,"IsCurrent":false},{"PersonID":2080,"PhotoURL":"","Notes":"","BirthDate":null,"BirthDateIsProtected":false,"ParliamentaryName":"Lamont, Johann","PreferredName":"Johann","GenderTypeID":1,"IsCurrent":false},{"PersonID":2085,"PhotoURL":"","Notes":"Repeated the Oath in Gaelic.","BirthDate":null,"BirthDateIsProtected":false,"ParliamentaryName":"Munro, John Farquhar","PreferredName":"John Farquhar","GenderTypeID":2,"IsCurrent":false},{"PersonID":2090,"PhotoURL":"","Notes":"","BirthDate":null,"BirthDateIsProtected":false,"ParliamentaryName":"McAllion, Mr John","PreferredName":"John","GenderTypeID":2,"IsCurrent":false},{"PersonID":2098,"PhotoURL":"http://scottishparliament.thirdlight.com/file/35943496226","Notes":"","BirthDate":"1964-04-13T00:00:00","BirthDateIsProtected":false,"ParliamentaryName":"Swinney, John","PreferredName":"John","GenderTypeID":2,"IsCurrent":true},{"PersonID":2099,"PhotoURL":"","Notes":"","BirthDate":null,"BirthDateIsProtected":false,"ParliamentaryName":"Young, John","PreferredName":"John","GenderTypeID":2,"IsCurrent":false},{"PersonID":2100,"PhotoURL":"","Notes":"","BirthDate":null,"BirthDateIsProtected":false,"ParliamentaryName":"Home Robertson, John","PreferredName":"John","GenderTypeID":2,"IsCurrent":false},{"PersonID":2103,"PhotoURL":"http://scottishparliament.thirdlight.com/file/35960260789","Notes":"","BirthDate":"1961-12-20T00:00:00","BirthDateIsProtected":false,"ParliamentaryName":"Brown, Keith","PreferredName":"Keith","GenderTypeID":2,"IsCurrent":true},{"PersonID":2105,"PhotoURL":"","Notes":"Resigned from Conservative Party and Joined Scottish Peoples Alliance 31 March 2003","BirthDate":null,"BirthDateIsProtected":false,"ParliamentaryName":"Harding, Mr Keith","PreferredName":"Keith","GenderTypeID":2,"IsCurrent":false},{"PersonID":2106,"PhotoURL":"","Notes":"","BirthDate":null,"BirthDateIsProtected":false,"ParliamentaryName":"Raffan, Mr Keith","PreferredName":"Keith","GenderTypeID":2,"IsCurrent":false},{"PersonID":2108,"PhotoURL":"","Notes":"Twitter - http://twitter.com/kenmacintoshmsp \\r\\nFacebook - http://www.facebook.com/pages/Ken-Macintosh-MSP/135822889783835","BirthDate":null,"BirthDateIsProtected":false,"ParliamentaryName":"Macintosh, Ken","PreferredName":"Ken","GenderTypeID":2,"IsCurrent":false},{"PersonID":2110,"PhotoURL":"http://scottishparliament.thirdlight.com/file/35855484389","Notes":"","BirthDate":"1961-09-08T00:00:00","BirthDateIsProtected":false,"ParliamentaryName":"Gibson, Kenneth","PreferredName":"Kenneth","GenderTypeID":2,"IsCurrent":true},{"PersonID":2112,"PhotoURL":"","Notes":"","BirthDate":null,"BirthDateIsProtected":false,"ParliamentaryName":"MacAskill, Kenny","PreferredName":"Kenny","GenderTypeID":2,"IsCurrent":false},{"PersonID":2117,"PhotoURL":"","Notes":"","BirthDate":null,"BirthDateIsProtected":false,"ParliamentaryName":"Macdonald, Lewis","PreferredName":"Lewis","GenderTypeID":2,"IsCurrent":false},{"PersonID":2118,"PhotoURL":"","Notes":"","BirthDate":null,"BirthDateIsProtected":false,"ParliamentaryName":"Quinan, Mr Lloyd","PreferredName":"Lloyd","GenderTypeID":2,"IsCurrent":false},{"PersonID":2122,"PhotoURL":"","Notes":"","BirthDate":null,"BirthDateIsProtected":false,"ParliamentaryName":"McIntosh, Mrs Lyndsay","PreferredName":"Lyndsay","GenderTypeID":1,"IsCurrent":false},{"PersonID":2123,"PhotoURL":"","Notes":"","BirthDate":null,"BirthDateIsProtected":false,"ParliamentaryName":"Chisholm, Malcolm","PreferredName":"Malcolm","GenderTypeID":2,"IsCurrent":false},{"PersonID":2126,"PhotoURL":"","Notes":"","BirthDate":null,"BirthDateIsProtected":false,"ParliamentaryName":"Ballard, Mark","PreferredName":"Mark","GenderTypeID":2,"IsCurrent":false},{"PersonID":2127,"PhotoURL":"http://scottishparliament.thirdlight.com/file/35781781662","Notes":"","BirthDate":"1972-05-14T00:00:00","BirthDateIsProtected":false,"ParliamentaryName":"Ruskell, Mark","PreferredName":"Mark","GenderTypeID":2,"IsCurrent":true},{"PersonID":2133,"PhotoURL":"http://scottishparliament.thirdlight.com/file/35855660631","Notes":"","BirthDate":"1970-09-08T00:00:00","BirthDateIsProtected":false,"ParliamentaryName":"Matheson, Michael","PreferredName":"Michael","GenderTypeID":2,"IsCurrent":true},{"PersonID":2134,"PhotoURL":"","Notes":"","BirthDate":null,"BirthDateIsProtected":false,"ParliamentaryName":"McMahon, Michael","PreferredName":"Michael","GenderTypeID":2,"IsCurrent":false},{"PersonID":2135,"PhotoURL":"","Notes":"Declared ethnicity as European, Scottish & British.\\r\\nRepeated the Oath in Gaelic.","BirthDate":null,"BirthDateIsProtected":false,"ParliamentaryName":"Russell, Michael","PreferredName":"Michael","GenderTypeID":2,"IsCurrent":false},{"PersonID":2140,"PhotoURL":"","Notes":"","BirthDate":null,"BirthDateIsProtected":true,"ParliamentaryName":"Rumbles, Mike","PreferredName":"Mike","GenderTypeID":2,"IsCurrent":false},{"PersonID":2142,"PhotoURL":"","Notes":"","BirthDate":null,"BirthDateIsProtected":false,"ParliamentaryName":"Watson, Mike","PreferredName":"Mike","GenderTypeID":2,"IsCurrent":false},{"PersonID":2148,"PhotoURL":"","Notes":"","BirthDate":null,"BirthDateIsProtected":false,"ParliamentaryName":"Tosh, Murray","PreferredName":"Murray","GenderTypeID":2,"IsCurrent":false},{"PersonID":2152,"PhotoURL":"","Notes":"\\r\\nRepeated the Oath in Catalan\\r\\nResigned 10/08/01","BirthDate":null,"BirthDateIsProtected":false,"ParliamentaryName":"Johnston, Nick","PreferredName":"Nick","GenderTypeID":2,"IsCurrent":false},{"PersonID":2154,"PhotoURL":"","Notes":"","BirthDate":null,"BirthDateIsProtected":false,"ParliamentaryName":"Stephen, Nicol","PreferredName":"Nicol","GenderTypeID":2,"IsCurrent":false},{"PersonID":2159,"PhotoURL":"","Notes":"","BirthDate":null,"BirthDateIsProtected":false,"ParliamentaryName":"Martin, Paul","PreferredName":"Paul","GenderTypeID":2,"IsCurrent":false},{"PersonID":2167,"PhotoURL":"","Notes":"","BirthDate":null,"BirthDateIsProtected":false,"ParliamentaryName":"Peacock, Peter","PreferredName":"Peter","GenderTypeID":2,"IsCurrent":false},{"PersonID":2172,"PhotoURL":"","Notes":"","BirthDate":null,"BirthDateIsProtected":false,"ParliamentaryName":"Gallie, Phil","PreferredName":"Phil","GenderTypeID":2,"IsCurrent":false},{"PersonID":2180,"PhotoURL":"http://scottishparliament.thirdlight.com/file/9853506741","Notes":"","BirthDate":"1969-05-24T00:00:00","BirthDateIsProtected":false,"ParliamentaryName":"Lochhead, Richard","PreferredName":"Richard","GenderTypeID":2,"IsCurrent":true},{"PersonID":2182,"PhotoURL":"","Notes":"","BirthDate":null,"BirthDateIsProtected":false,"ParliamentaryName":"Simpson, Dr Richard","PreferredName":"Richard","GenderTypeID":2,"IsCurrent":false},{"PersonID":2185,"PhotoURL":"","Notes":"","BirthDate":null,"BirthDateIsProtected":false,"ParliamentaryName":"Brown, Robert","PreferredName":"Robert","GenderTypeID":2,"IsCurrent":false},{"PersonID":2188,"PhotoURL":"","Notes":"","BirthDate":null,"BirthDateIsProtected":false,"ParliamentaryName":"Harper, Robin","PreferredName":"Robin","GenderTypeID":2,"IsCurrent":false},{"PersonID":2201,"PhotoURL":"","Notes":"","BirthDate":null,"BirthDateIsProtected":false,"ParliamentaryName":"Kane, Rosie","PreferredName":"Rosie","GenderTypeID":1,"IsCurrent":false},{"PersonID":2202,"PhotoURL":"","Notes":"","BirthDate":null,"BirthDateIsProtected":false,"ParliamentaryName":"Finnie, Ross","PreferredName":"Ross","GenderTypeID":2,"IsCurrent":false},{"PersonID":2205,"PhotoURL":"","Notes":"Brahler ID prior to 14/05/2001 when resigned was 0037","BirthDate":null,"BirthDateIsProtected":false,"ParliamentaryName":"Galbraith, Mr Sam","PreferredName":"Sam","GenderTypeID":2,"IsCurrent":false},{"PersonID":2207,"PhotoURL":"","Notes":"","BirthDate":null,"BirthDateIsProtected":false,"ParliamentaryName":"Barrie, Scott","PreferredName":"Scott","GenderTypeID":2,"IsCurrent":false},{"PersonID":2215,"PhotoURL":"","Notes":"","BirthDate":null,"BirthDateIsProtected":false,"ParliamentaryName":"Stevenson, Stewart","PreferredName":"Stewart","GenderTypeID":2,"IsCurrent":false},{"PersonID":2223,"PhotoURL":"","Notes":"","BirthDate":null,"BirthDateIsProtected":false,"ParliamentaryName":"Scott, Tavish","PreferredName":"Tavish","GenderTypeID":2,"IsCurrent":false},{"PersonID":2225,"PhotoURL":"","Notes":"","BirthDate":null,"BirthDateIsProtected":false,"ParliamentaryName":"Sheridan, Tommy","PreferredName":"Tommy","GenderTypeID":2,"IsCurrent":false},{"PersonID":2228,"PhotoURL":"","Notes":"","BirthDate":null,"BirthDateIsProtected":false,"ParliamentaryName":"McCabe, Tom","PreferredName":"Tom","GenderTypeID":2,"IsCurrent":false},{"PersonID":2234,"PhotoURL":"","Notes":"","BirthDate":null,"BirthDateIsProtected":false,"ParliamentaryName":"Aitken, Bill","PreferredName":"Bill","GenderTypeID":2,"IsCurrent":false},{"PersonID":2247,"PhotoURL":"","Notes":"","BirthDate":null,"BirthDateIsProtected":false,"ParliamentaryName":"Arbuckle, Mr Andrew","PreferredName":"Andrew","GenderTypeID":2,"IsCurrent":false},{"PersonID":2252,"PhotoURL":"","Notes":"","BirthDate":null,"BirthDateIsProtected":false,"ParliamentaryName":"Pringle, Mike","PreferredName":"Mike","GenderTypeID":2,"IsCurrent":false},{"PersonID":2263,"PhotoURL":"","Notes":"","BirthDate":null,"BirthDateIsProtected":false,"ParliamentaryName":"Steel, Sir David","PreferredName":"David","GenderTypeID":2,"IsCurrent":false},{"PersonID":2345,"PhotoURL":"","Notes":"See also http://www.vote-tory-for-ayr.org/johnscott.html","BirthDate":null,"BirthDateIsProtected":false,"ParliamentaryName":"Scott, John","PreferredName":"John","GenderTypeID":2,"IsCurrent":false},{"PersonID":2364,"PhotoURL":"","Notes":"assigned Brahler ID 0027 from 29/11/00 -","BirthDate":null,"BirthDateIsProtected":false,"ParliamentaryName":"Butler, Bill","PreferredName":"Bill","GenderTypeID":2,"IsCurrent":false},{"PersonID":2390,"PhotoURL":"","Notes":"","BirthDate":null,"BirthDateIsProtected":false,"ParliamentaryName":"Turner, Dr Jean","PreferredName":"Jean","GenderTypeID":1,"IsCurrent":false},{"PersonID":2394,"PhotoURL":"http://scottishparliament.thirdlight.com/file/35800892126","Notes":"Formally returned as regional MSP Mid-Scotland and Fife on 14/08/01\\r\\nTwitter: @murdo_fraser\\r\\nFacebook: www.facebook.com/MSPMurdoFraser","BirthDate":"1965-09-05T00:00:00","BirthDateIsProtected":false,"ParliamentaryName":"Fraser, Murdo","PreferredName":"Murdo","GenderTypeID":2,"IsCurrent":true},{"PersonID":2487,"PhotoURL":"","Notes":"","BirthDate":null,"BirthDateIsProtected":false,"ParliamentaryName":"McLeod, Aileen","PreferredName":"Aileen","GenderTypeID":1,"IsCurrent":false},{"PersonID":2595,"PhotoURL":"","Notes":"","BirthDate":null,"BirthDateIsProtected":false,"ParliamentaryName":"Brown, Gavin","PreferredName":"Gavin","GenderTypeID":2,"IsCurrent":false},{"PersonID":2596,"PhotoURL":"","Notes":"","BirthDate":null,"BirthDateIsProtected":false,"ParliamentaryName":"Brownlee, Derek","PreferredName":"Derek","GenderTypeID":2,"IsCurrent":false},{"PersonID":2603,"PhotoURL":"","Notes":"","BirthDate":null,"BirthDateIsProtected":false,"ParliamentaryName":"Baker, Richard","PreferredName":"Richard","GenderTypeID":2,"IsCurrent":false},{"PersonID":2610,"PhotoURL":"","Notes":"","BirthDate":null,"BirthDateIsProtected":false,"ParliamentaryName":"Wilson, John","PreferredName":"John","GenderTypeID":2,"IsCurrent":false},{"PersonID":2615,"PhotoURL":"http://scottishparliament.thirdlight.com/file/35820937738","Notes":"Twitter @GeorgeAdam","BirthDate":"1969-06-08T00:00:00","BirthDateIsProtected":false,"ParliamentaryName":"Adam, George","PreferredName":"George","GenderTypeID":2,"IsCurrent":true},{"PersonID":2633,"PhotoURL":"http://scottishparliament.thirdlight.com/file/49246913874","Notes":"","BirthDate":"1971-03-04T00:00:00","BirthDateIsProtected":false,"ParliamentaryName":"Baker, Claire","PreferredName":"Claire","GenderTypeID":1,"IsCurrent":true},{"PersonID":2641,"PhotoURL":"http://scottishparliament.thirdlight.com/file/69343533162","Notes":"","BirthDate":"1971-05-06T00:00:00","BirthDateIsProtected":false,"ParliamentaryName":"Allan, Dr Alasdair","PreferredName":"Alasdair","GenderTypeID":2,"IsCurrent":true},{"PersonID":2651,"PhotoURL":"","Notes":"","BirthDate":null,"BirthDateIsProtected":false,"ParliamentaryName":"Tolson, Jim","PreferredName":"Jim","GenderTypeID":2,"IsCurrent":false},{"PersonID":2665,"PhotoURL":"","Notes":"","BirthDate":null,"BirthDateIsProtected":false,"ParliamentaryName":"Byrne, Ms Rosemary","PreferredName":"Rosemary","GenderTypeID":1,"IsCurrent":false},{"PersonID":2673,"PhotoURL":"","Notes":"","BirthDate":null,"BirthDateIsProtected":false,"ParliamentaryName":"Campbell, Roderick","PreferredName":"Roderick","GenderTypeID":2,"IsCurrent":false},{"PersonID":2674,"PhotoURL":"","Notes":"","BirthDate":null,"BirthDateIsProtected":false,"ParliamentaryName":"Thompson, Dave","PreferredName":"Dave","GenderTypeID":2,"IsCurrent":false},{"PersonID":2675,"PhotoURL":"","Notes":"","BirthDate":null,"BirthDateIsProtected":false,"ParliamentaryName":"Gibson, Rob","PreferredName":"Rob","GenderTypeID":2,"IsCurrent":false},{"PersonID":2678,"PhotoURL":"http://scottishparliament.thirdlight.com/file/35799295215","Notes":"","BirthDate":"1959-04-12T00:00:00","BirthDateIsProtected":false,"ParliamentaryName":"Carlaw, Jackson","PreferredName":"Jackson","GenderTypeID":2,"IsCurrent":true},{"PersonID":2686,"PhotoURL":"","Notes":"BBC","BirthDate":null,"BirthDateIsProtected":false,"ParliamentaryName":"Swinburne, John","PreferredName":"John","GenderTypeID":2,"IsCurrent":false},{"PersonID":2767,"PhotoURL":"","Notes":"","BirthDate":null,"BirthDateIsProtected":false,"ParliamentaryName":"Curran, Frances","PreferredName":"Frances","GenderTypeID":1,"IsCurrent":false},{"PersonID":2826,"PhotoURL":"http://scottishparliament.thirdlight.com/file/35942003780","Notes":"","BirthDate":"1953-03-17T00:00:00","BirthDateIsProtected":false,"ParliamentaryName":"Dornan, James","PreferredName":"James","GenderTypeID":2,"IsCurrent":true},{"PersonID":2853,"PhotoURL":"","Notes":"","BirthDate":null,"BirthDateIsProtected":false,"ParliamentaryName":"Pentland, John","PreferredName":"John","GenderTypeID":2,"IsCurrent":false},{"PersonID":2866,"PhotoURL":"","Notes":"","BirthDate":null,"BirthDateIsProtected":false,"ParliamentaryName":"Purvis, Jeremy","PreferredName":"Jeremy","GenderTypeID":2,"IsCurrent":false},{"PersonID":2876,"PhotoURL":"","Notes":"","BirthDate":null,"BirthDateIsProtected":false,"ParliamentaryName":"Maxwell, Stewart","PreferredName":"Stewart","GenderTypeID":2,"IsCurrent":false},{"PersonID":2877,"PhotoURL":"","Notes":"","BirthDate":null,"BirthDateIsProtected":false,"ParliamentaryName":"May, Christine","PreferredName":"Christine","GenderTypeID":1,"IsCurrent":false},{"PersonID":2892,"PhotoURL":"http://scottishparliament.thirdlight.com/file/35783690519","Notes":"","BirthDate":"1973-03-18T00:00:00","BirthDateIsProtected":false,"ParliamentaryName":"Harvie, Patrick","PreferredName":"Patrick","GenderTypeID":2,"IsCurrent":true},{"PersonID":2902,"PhotoURL":"","Notes":"","BirthDate":null,"BirthDateIsProtected":false,"ParliamentaryName":"Leckie, Carolyn","PreferredName":"Carolyn","GenderTypeID":1,"IsCurrent":false},{"PersonID":2947,"PhotoURL":"","Notes":"","BirthDate":null,"BirthDateIsProtected":false,"ParliamentaryName":"McFee, Mr Bruce","PreferredName":"Bruce","GenderTypeID":2,"IsCurrent":false},{"PersonID":2963,"PhotoURL":"","Notes":"","BirthDate":null,"BirthDateIsProtected":false,"ParliamentaryName":"McLaughlin, Anne","PreferredName":"Anne","GenderTypeID":1,"IsCurrent":false},{"PersonID":3004,"PhotoURL":"","Notes":"","BirthDate":null,"BirthDateIsProtected":false,"ParliamentaryName":"Fox, Colin","PreferredName":"Colin","GenderTypeID":2,"IsCurrent":false},{"PersonID":3061,"PhotoURL":"","Notes":"Facebook- https://www.facebook.com/margaretmitchell2016","BirthDate":null,"BirthDateIsProtected":false,"ParliamentaryName":"Mitchell, Margaret","PreferredName":"Margaret","GenderTypeID":1,"IsCurrent":false},{"PersonID":3101,"PhotoURL":"","Notes":"","BirthDate":null,"BirthDateIsProtected":false,"ParliamentaryName":"Malik, Hanzala","PreferredName":"Hanzala","GenderTypeID":2,"IsCurrent":false},{"PersonID":3103,"PhotoURL":"","Notes":"","BirthDate":null,"BirthDateIsProtected":false,"ParliamentaryName":"Martin, Campbell","PreferredName":"Campbell","GenderTypeID":2,"IsCurrent":false},{"PersonID":3129,"PhotoURL":"http://scottishparliament.thirdlight.com/file/35799134774","Notes":"","BirthDate":"1956-07-24T00:00:00","BirthDateIsProtected":false,"ParliamentaryName":"Kidd, Bill","PreferredName":"Bill","GenderTypeID":2,"IsCurrent":true},{"PersonID":3538,"PhotoURL":"","Notes":"","BirthDate":null,"BirthDateIsProtected":false,"ParliamentaryName":"Gordon, Charlie","PreferredName":"Charlie","GenderTypeID":2,"IsCurrent":false},{"PersonID":3743,"PhotoURL":"","Notes":"","BirthDate":null,"BirthDateIsProtected":false,"ParliamentaryName":"Don, Nigel","PreferredName":"Nigel","GenderTypeID":2,"IsCurrent":false},{"PersonID":3745,"PhotoURL":"","Notes":"","BirthDate":null,"BirthDateIsProtected":false,"ParliamentaryName":"Robertson, Dennis","PreferredName":"Dennis","GenderTypeID":2,"IsCurrent":false},{"PersonID":3746,"PhotoURL":"","Notes":"","BirthDate":null,"BirthDateIsProtected":false,"ParliamentaryName":"Harvie, Christopher","PreferredName":"Christopher","GenderTypeID":2,"IsCurrent":false},{"PersonID":3749,"PhotoURL":"","Notes":"","BirthDate":null,"BirthDateIsProtected":false,"ParliamentaryName":"Tymkewycz, Stefan","PreferredName":"Stefan","GenderTypeID":2,"IsCurrent":false},{"PersonID":3750,"PhotoURL":"http://scottishparliament.thirdlight.com/file/35783690940","Notes":"","BirthDate":"1974-09-02T00:00:00","BirthDateIsProtected":false,"ParliamentaryName":"Somerville, Shirley-Anne","PreferredName":"Shirley-Anne","GenderTypeID":1,"IsCurrent":true},{"PersonID":3751,"PhotoURL":"http://scottishparliament.thirdlight.com/file/38395638303","Notes":"","BirthDate":"1951-10-17T00:00:00","BirthDateIsProtected":false,"ParliamentaryName":"Beattie, Colin","PreferredName":"Colin","GenderTypeID":2,"IsCurrent":true},{"PersonID":3758,"PhotoURL":"http://scottishparliament.thirdlight.com/file/35820938486 ","Notes":"","BirthDate":"1979-05-21T00:00:00","BirthDateIsProtected":false,"ParliamentaryName":"Hepburn, Jamie","PreferredName":"Jamie","GenderTypeID":2,"IsCurrent":true},{"PersonID":3759,"PhotoURL":"http://scottishparliament.thirdlight.com/file/35960260890","Notes":"","BirthDate":"1968-03-04T00:00:00","BirthDateIsProtected":false,"ParliamentaryName":"McKelvie, Christina","PreferredName":"Christina","GenderTypeID":1,"IsCurrent":true},{"PersonID":3763,"PhotoURL":"http://scottishparliament.thirdlight.com/file/35820938765","Notes":"Twitter: @StuMcMillanSNP\\r\\nFacebook: Stuart McMillan MSP","BirthDate":"1972-05-06T00:00:00","BirthDateIsProtected":false,"ParliamentaryName":"McMillan, Stuart","PreferredName":"Stuart","GenderTypeID":2,"IsCurrent":true},{"PersonID":3771,"PhotoURL":"http://scottishparliament.thirdlight.com/file/35820939764","Notes":"","BirthDate":"1973-05-11T00:00:00","BirthDateIsProtected":false,"ParliamentaryName":"Doris, Bob","PreferredName":"Bob","GenderTypeID":2,"IsCurrent":true},{"PersonID":3775,"PhotoURL":"","Notes":"","BirthDate":null,"BirthDateIsProtected":false,"ParliamentaryName":"Campbell, Aileen","PreferredName":"Aileen","GenderTypeID":1,"IsCurrent":false},{"PersonID":3806,"PhotoURL":"","Notes":"","BirthDate":null,"BirthDateIsProtected":false,"ParliamentaryName":"Stewart, David","PreferredName":"David","GenderTypeID":2,"IsCurrent":false},{"PersonID":3811,"PhotoURL":"","Notes":"","BirthDate":null,"BirthDateIsProtected":false,"ParliamentaryName":"Foulkes, George","PreferredName":"George","GenderTypeID":2,"IsCurrent":false},{"PersonID":3812,"PhotoURL":"http://scottishparliament.thirdlight.com/file/35781781656","Notes":"","BirthDate":null,"BirthDateIsProtected":false,"ParliamentaryName":"Dugdale, Kezia","PreferredName":"Kezia","GenderTypeID":1,"IsCurrent":false},{"PersonID":3815,"PhotoURL":"","Notes":"","BirthDate":null,"BirthDateIsProtected":false,"ParliamentaryName":"Park, John","PreferredName":"John","GenderTypeID":2,"IsCurrent":false},{"PersonID":3824,"PhotoURL":"","Notes":"","BirthDate":null,"BirthDateIsProtected":false,"ParliamentaryName":"McDougall, Margaret","PreferredName":"Margaret","GenderTypeID":1,"IsCurrent":false},{"PersonID":3896,"PhotoURL":"http://scottishparliament.thirdlight.com/file/35855661618","Notes":"","BirthDate":"1967-08-08T00:00:00","BirthDateIsProtected":false,"ParliamentaryName":"McArthur, Liam","PreferredName":"Liam","GenderTypeID":2,"IsCurrent":true},{"PersonID":3901,"PhotoURL":"http://scottishparliament.thirdlight.com/file/35800493586","Notes":"","BirthDate":"1967-04-01T00:00:00","BirthDateIsProtected":false,"ParliamentaryName":"FitzPatrick, Joe","PreferredName":"Joe","GenderTypeID":2,"IsCurrent":true},{"PersonID":3907,"PhotoURL":"http://scottishparliament.thirdlight.com/file/36076831535","Notes":"","BirthDate":"1958-05-24T00:00:00","BirthDateIsProtected":false,"ParliamentaryName":"Coffey, Willie","PreferredName":"Willie","GenderTypeID":2,"IsCurrent":true},{"PersonID":3983,"PhotoURL":"http://scottishparliament.thirdlight.com/file/35783687661","Notes":"","BirthDate":"1980-01-21T00:00:00","BirthDateIsProtected":false,"ParliamentaryName":"Golden, Maurice","PreferredName":"Maurice","GenderTypeID":2,"IsCurrent":true},{"PersonID":3985,"PhotoURL":"","Notes":"","BirthDate":null,"BirthDateIsProtected":false,"ParliamentaryName":"Thomson, Ross","PreferredName":"Ross","GenderTypeID":2,"IsCurrent":false},{"PersonID":3994,"PhotoURL":"http://scottishparliament.thirdlight.com/file/35783686696","Notes":"","BirthDate":"1963-12-30T00:00:00","BirthDateIsProtected":false,"ParliamentaryName":"Simpson, Graham","PreferredName":"Graham","GenderTypeID":2,"IsCurrent":true},{"PersonID":4014,"PhotoURL":"http://scottishparliament.thirdlight.com/file/35818225410","Notes":"","BirthDate":"1960-02-27T00:00:00","BirthDateIsProtected":false,"ParliamentaryName":"Smith, Liz","PreferredName":"Liz","GenderTypeID":1,"IsCurrent":true},{"PersonID":4016,"PhotoURL":"","Notes":"facebook.com/JohnLamontBorders/\\r\\nTwitter: @john2win","BirthDate":null,"BirthDateIsProtected":false,"ParliamentaryName":"Lamont, John","PreferredName":"John","GenderTypeID":2,"IsCurrent":false},{"PersonID":4074,"PhotoURL":"","Notes":"","BirthDate":null,"BirthDateIsProtected":false,"ParliamentaryName":"Whitton, David","PreferredName":"David","GenderTypeID":2,"IsCurrent":false},{"PersonID":4080,"PhotoURL":"","Notes":"","BirthDate":null,"BirthDateIsProtected":true,"ParliamentaryName":"McInnes, Alison","PreferredName":"Alison","GenderTypeID":1,"IsCurrent":false},{"PersonID":4086,"PhotoURL":"","Notes":"","BirthDate":null,"BirthDateIsProtected":false,"ParliamentaryName":"Hume, Jim","PreferredName":"Jim","GenderTypeID":2,"IsCurrent":false},{"PersonID":4934,"PhotoURL":"http://scottishparliament.thirdlight.com/file/73436831194","Notes":"","BirthDate":"1965-10-11T00:00:00","BirthDateIsProtected":false,"ParliamentaryName":"Johnstone, Alison","PreferredName":"Alison","GenderTypeID":1,"IsCurrent":true},{"PersonID":4938,"PhotoURL":"","Notes":"","BirthDate":null,"BirthDateIsProtected":false,"ParliamentaryName":"Lyle, Richard","PreferredName":"Richard","GenderTypeID":2,"IsCurrent":false},{"PersonID":4939,"PhotoURL":"","Notes":"","BirthDate":null,"BirthDateIsProtected":false,"ParliamentaryName":"MacDonald, Angus","PreferredName":"Angus","GenderTypeID":2,"IsCurrent":false},{"PersonID":4940,"PhotoURL":"http://scottishparliament.thirdlight.com/file/35820938229","Notes":"","BirthDate":"1967-08-01T00:00:00","BirthDateIsProtected":false,"ParliamentaryName":"Adamson, Clare","PreferredName":"Clare","GenderTypeID":1,"IsCurrent":true},{"PersonID":4941,"PhotoURL":"http://scottishparliament.thirdlight.com/file/35922512428 ","Notes":"","BirthDate":"1985-04-07T00:00:00","BirthDateIsProtected":false,"ParliamentaryName":"Yousaf, Humza","PreferredName":"Humza","GenderTypeID":2,"IsCurrent":true},{"PersonID":4947,"PhotoURL":"","Notes":"","BirthDate":null,"BirthDateIsProtected":false,"ParliamentaryName":"Finnie, John","PreferredName":"John","GenderTypeID":2,"IsCurrent":false},{"PersonID":4948,"PhotoURL":"","Notes":"","BirthDate":null,"BirthDateIsProtected":false,"ParliamentaryName":"MacKenzie, Mike","PreferredName":"Mike","GenderTypeID":2,"IsCurrent":false},{"PersonID":4951,"PhotoURL":"","Notes":"","BirthDate":null,"BirthDateIsProtected":true,"ParliamentaryName":"McAlpine, Joan","PreferredName":"Joan","GenderTypeID":1,"IsCurrent":false},{"PersonID":4952,"PhotoURL":"","Notes":"twitter@paulwheelhouse\\r\\nf: PaulWheelhouseMSP","BirthDate":null,"BirthDateIsProtected":false,"ParliamentaryName":"Wheelhouse, Paul","PreferredName":"Paul","GenderTypeID":2,"IsCurrent":false},{"PersonID":4955,"PhotoURL":"","Notes":"","BirthDate":null,"BirthDateIsProtected":false,"ParliamentaryName":"Eadie, Jim","PreferredName":"Jim","GenderTypeID":2,"IsCurrent":false},{"PersonID":4956,"PhotoURL":"","Notes":"","BirthDate":null,"BirthDateIsProtected":false,"ParliamentaryName":"Keir, Colin","PreferredName":"Colin","GenderTypeID":2,"IsCurrent":false},{"PersonID":4964,"PhotoURL":"","Notes":"","BirthDate":null,"BirthDateIsProtected":false,"ParliamentaryName":"McDonald, Mark","PreferredName":"Mark","GenderTypeID":2,"IsCurrent":false},{"PersonID":4965,"PhotoURL":"","Notes":"","BirthDate":null,"BirthDateIsProtected":false,"ParliamentaryName":"Allard, Christian","PreferredName":"Christian","GenderTypeID":2,"IsCurrent":false},{"PersonID":4966,"PhotoURL":"","Notes":"Facebook – derekmackaysnp\\r\\nTwitter - derekmackaysnp","BirthDate":null,"BirthDateIsProtected":true,"ParliamentaryName":"Mackay, Derek","PreferredName":"Derek","GenderTypeID":2,"IsCurrent":false},{"PersonID":4976,"PhotoURL":"","Notes":"","BirthDate":null,"BirthDateIsProtected":false,"ParliamentaryName":"Davidson, Ruth","PreferredName":"Ruth","GenderTypeID":1,"IsCurrent":false},{"PersonID":4981,"PhotoURL":"http://scottishparliament.thirdlight.com/file/35783687368","Notes":"","BirthDate":"1983-01-27T00:00:00","BirthDateIsProtected":false,"ParliamentaryName":"Ross, Douglas","PreferredName":"Douglas","GenderTypeID":2,"IsCurrent":true},{"PersonID":4982,"PhotoURL":"http://scottishparliament.thirdlight.com/file/46587430194","Notes":"","BirthDate":"1961-03-19T00:00:00","BirthDateIsProtected":false,"ParliamentaryName":"Mountain, Edward","PreferredName":"Edward","GenderTypeID":2,"IsCurrent":true},{"PersonID":4984,"PhotoURL":"","Notes":"","BirthDate":null,"BirthDateIsProtected":true,"ParliamentaryName":"Buchanan, Cameron","PreferredName":"Cameron","GenderTypeID":2,"IsCurrent":false},{"PersonID":4987,"PhotoURL":"http://scottishparliament.thirdlight.com/file/35783685351","Notes":"","BirthDate":"1983-03-30T00:00:00","BirthDateIsProtected":false,"ParliamentaryName":"Briggs, Miles","PreferredName":"Miles","GenderTypeID":2,"IsCurrent":true},{"PersonID":5009,"PhotoURL":"http://scottishparliament.thirdlight.com/file/35783687229","Notes":"","BirthDate":"1967-09-27T00:00:00","BirthDateIsProtected":false,"ParliamentaryName":"Rennie, Willie","PreferredName":"Willie","GenderTypeID":2,"IsCurrent":true},{"PersonID":5034,"PhotoURL":"","Notes":"Facebook: facebook.com/jennymarramsp\\r\\nTwitter: @jennymarra","BirthDate":null,"BirthDateIsProtected":false,"ParliamentaryName":"Marra, Jenny","PreferredName":"Jenny","GenderTypeID":1,"IsCurrent":false},{"PersonID":5035,"PhotoURL":"","Notes":"","BirthDate":null,"BirthDateIsProtected":true,"ParliamentaryName":"Brennan, Lesley","PreferredName":"Lesley","GenderTypeID":1,"IsCurrent":false},{"PersonID":5038,"PhotoURL":"","Notes":"","BirthDate":null,"BirthDateIsProtected":false,"ParliamentaryName":"Baxter, Jayne","PreferredName":"Jayne","GenderTypeID":1,"IsCurrent":false},{"PersonID":5041,"PhotoURL":"","Notes":"","BirthDate":null,"BirthDateIsProtected":false,"ParliamentaryName":"McMahon, Siobhan","PreferredName":"Siobhan","GenderTypeID":1,"IsCurrent":false},{"PersonID":5042,"PhotoURL":"http://scottishparliament.thirdlight.com/file/35855660595","Notes":"","BirthDate":"1985-10-19T00:00:00","BirthDateIsProtected":false,"ParliamentaryName":"Griffin, Mark","PreferredName":"Mark","GenderTypeID":2,"IsCurrent":true},{"PersonID":5047,"PhotoURL":"","Notes":"","BirthDate":null,"BirthDateIsProtected":false,"ParliamentaryName":"McTaggart, Anne","PreferredName":"Anne","GenderTypeID":1,"IsCurrent":false},{"PersonID":5054,"PhotoURL":"","Notes":"","BirthDate":null,"BirthDateIsProtected":false,"ParliamentaryName":"Findlay, Neil","PreferredName":"Neil","GenderTypeID":2,"IsCurrent":false},{"PersonID":5057,"PhotoURL":"","Notes":"","BirthDate":null,"BirthDateIsProtected":true,"ParliamentaryName":"Pearson, Graeme","PreferredName":"Graeme","GenderTypeID":2,"IsCurrent":false},{"PersonID":5059,"PhotoURL":"","Notes":"","BirthDate":null,"BirthDateIsProtected":false,"ParliamentaryName":"Fee, Mary","PreferredName":"Mary","GenderTypeID":1,"IsCurrent":false},{"PersonID":5060,"PhotoURL":"http://scottishparliament.thirdlight.com/file/73940024512","Notes":"","BirthDate":"1983-09-06T00:00:00","BirthDateIsProtected":false,"ParliamentaryName":"Bibby, Neil","PreferredName":"Neil","GenderTypeID":2,"IsCurrent":true},{"PersonID":5074,"PhotoURL":"http://scottishparliament.thirdlight.com/file/35817741458","Notes":"","BirthDate":"1960-01-02T00:00:00","BirthDateIsProtected":false,"ParliamentaryName":"MacDonald, Gordon","PreferredName":"Gordon","GenderTypeID":2,"IsCurrent":true},{"PersonID":5075,"PhotoURL":"http://scottishparliament.thirdlight.com/file/35800414488","Notes":"","BirthDate":"1961-03-13T00:00:00","BirthDateIsProtected":false,"ParliamentaryName":"Torrance, David","PreferredName":"David","GenderTypeID":2,"IsCurrent":true},{"PersonID":5078,"PhotoURL":"","Notes":"","BirthDate":null,"BirthDateIsProtected":false,"ParliamentaryName":"Walker, Bill","PreferredName":"Bill","GenderTypeID":2,"IsCurrent":false},{"PersonID":5079,"PhotoURL":"","Notes":"","BirthDate":null,"BirthDateIsProtected":true,"ParliamentaryName":"Smith, Drew","PreferredName":"Drew","GenderTypeID":2,"IsCurrent":false},{"PersonID":5080,"PhotoURL":"","Notes":"","BirthDate":null,"BirthDateIsProtected":false,"ParliamentaryName":"McCulloch, Margaret","PreferredName":"Margaret","GenderTypeID":1,"IsCurrent":false},{"PersonID":5106,"PhotoURL":"http://scottishparliament.thirdlight.com/file/35818497490","Notes":"","BirthDate":"1968-06-03T00:00:00","BirthDateIsProtected":false,"ParliamentaryName":"Stewart, Kevin","PreferredName":"Kevin","GenderTypeID":2,"IsCurrent":true},{"PersonID":5107,"PhotoURL":"http://scottishparliament.thirdlight.com/file/35802798381","Notes":"","BirthDate":"1962-10-29T00:00:00","BirthDateIsProtected":false,"ParliamentaryName":"Dey, Graeme","PreferredName":"Graeme","GenderTypeID":2,"IsCurrent":true},{"PersonID":5108,"PhotoURL":"","Notes":"","BirthDate":null,"BirthDateIsProtected":false,"ParliamentaryName":"Burgess, Margaret","PreferredName":"Margaret","GenderTypeID":1,"IsCurrent":false},{"PersonID":5109,"PhotoURL":"","Notes":"","BirthDate":null,"BirthDateIsProtected":false,"ParliamentaryName":"Biagi, Marco","PreferredName":"Marco","GenderTypeID":2,"IsCurrent":false},{"PersonID":5110,"PhotoURL":"http://scottishparliament.thirdlight.com/file/35820937486","Notes":"","BirthDate":"1957-05-15T00:00:00","BirthDateIsProtected":false,"ParliamentaryName":"Mason, John","PreferredName":"John","GenderTypeID":2,"IsCurrent":true},{"PersonID":5119,"PhotoURL":"http://scottishparliament.thirdlight.com/file/35786781393","Notes":"","BirthDate":"1963-11-30T00:00:00","BirthDateIsProtected":false,"ParliamentaryName":"Rowley, Alex","PreferredName":"Alex","GenderTypeID":2,"IsCurrent":true},{"PersonID":5556,"PhotoURL":"","Notes":"https://twitter.com/cara_hilton","BirthDate":null,"BirthDateIsProtected":true,"ParliamentaryName":"Hilton, Cara","PreferredName":"Cara","GenderTypeID":1,"IsCurrent":false},{"PersonID":5578,"PhotoURL":"http://scottishparliament.thirdlight.com/file/44304964199","Notes":"","BirthDate":"1969-01-07T00:00:00","BirthDateIsProtected":false,"ParliamentaryName":"Martin, Gillian","PreferredName":"Gillian","GenderTypeID":1,"IsCurrent":true},{"PersonID":5579,"PhotoURL":"http://scottishparliament.thirdlight.com/file/35942063441","Notes":"","BirthDate":"1962-01-26T00:00:00","BirthDateIsProtected":false,"ParliamentaryName":"Leonard, Richard","PreferredName":"Richard","GenderTypeID":2,"IsCurrent":true},{"PersonID":5580,"PhotoURL":"http://scottishparliament.thirdlight.com/file/35783687362","Notes":"","BirthDate":"1981-01-07T00:00:00","BirthDateIsProtected":false,"ParliamentaryName":"Lennon, Monica","PreferredName":"Monica","GenderTypeID":1,"IsCurrent":true},{"PersonID":5586,"PhotoURL":"http://scottishparliament.thirdlight.com/file/74284895771","Notes":"","BirthDate":"1983-03-14T00:00:00","BirthDateIsProtected":false,"ParliamentaryName":"Sarwar, Anas","PreferredName":"Anas","GenderTypeID":2,"IsCurrent":true},{"PersonID":5587,"PhotoURL":"http://scottishparliament.thirdlight.com/file/35921454674","Notes":"","BirthDate":"1985-04-23T00:00:00","BirthDateIsProtected":false,"ParliamentaryName":"Gougeon, Mairi","PreferredName":"Mairi","GenderTypeID":1,"IsCurrent":true},{"PersonID":5591,"PhotoURL":"","Notes":"","BirthDate":null,"BirthDateIsProtected":true,"ParliamentaryName":"Ross, Gail","PreferredName":"Gail","GenderTypeID":1,"IsCurrent":false},{"PersonID":5592,"PhotoURL":"","Notes":"","BirthDate":null,"BirthDateIsProtected":true,"ParliamentaryName":"Freeman, Jeane","PreferredName":"Jeane","GenderTypeID":1,"IsCurrent":false},{"PersonID":5596,"PhotoURL":"http://scottishparliament.thirdlight.com/file/35783689308","Notes":"","BirthDate":"1980-07-20T00:00:00","BirthDateIsProtected":false,"ParliamentaryName":"MacGregor, Fulton","PreferredName":"Fulton","GenderTypeID":2,"IsCurrent":true},{"PersonID":5598,"PhotoURL":"http://scottishparliament.thirdlight.com/file/51788159101","Notes":"","BirthDate":"1976-05-03T00:00:00","BirthDateIsProtected":false,"ParliamentaryName":"Maguire, Ruth","PreferredName":"Ruth","GenderTypeID":1,"IsCurrent":true},{"PersonID":5604,"PhotoURL":"http://scottishparliament.thirdlight.com/file/35820937956","Notes":"","BirthDate":"1977-09-03T00:00:00","BirthDateIsProtected":false,"ParliamentaryName":"Johnson, Daniel","PreferredName":"Daniel","GenderTypeID":2,"IsCurrent":true},{"PersonID":5605,"PhotoURL":"http://scottishparliament.thirdlight.com/file/48760196846","Notes":"","BirthDate":"1974-03-08T00:00:00","BirthDateIsProtected":false,"ParliamentaryName":"Regan, Ash","PreferredName":"Ash","GenderTypeID":1,"IsCurrent":true},{"PersonID":5608,"PhotoURL":"http://scottishparliament.thirdlight.com/file/35783686780","Notes":"","BirthDate":"1984-07-23T00:00:00","BirthDateIsProtected":false,"ParliamentaryName":"Macpherson, Ben","PreferredName":"Ben","GenderTypeID":2,"IsCurrent":true},{"PersonID":5612,"PhotoURL":"http://scottishparliament.thirdlight.com/file/35783688223","Notes":"","BirthDate":"1963-09-22T00:00:00","BirthDateIsProtected":false,"ParliamentaryName":"McKee, Ivan","PreferredName":"Ivan","GenderTypeID":2,"IsCurrent":true},{"PersonID":5613,"PhotoURL":"https://scottishparliament.thirdlight.com/file/37911815221","Notes":"","BirthDate":"1984-08-21T00:00:00","BirthDateIsProtected":false,"ParliamentaryName":"Gilruth, Jenny","PreferredName":"Jenny","GenderTypeID":1,"IsCurrent":true},{"PersonID":5618,"PhotoURL":"http://scottishparliament.thirdlight.com/file/35783687418","Notes":"","BirthDate":"1967-04-04T00:00:00","BirthDateIsProtected":false,"ParliamentaryName":"Haughey, Clare","PreferredName":"Clare","GenderTypeID":1,"IsCurrent":true},{"PersonID":5621,"PhotoURL":"http://scottishparliament.thirdlight.com/file/35942002221","Notes":"","BirthDate":"1990-04-06T00:00:00","BirthDateIsProtected":false,"ParliamentaryName":"Forbes, Kate","PreferredName":"Kate","GenderTypeID":1,"IsCurrent":true},{"PersonID":5622,"PhotoURL":"http://scottishparliament.thirdlight.com/file/35783687929","Notes":"","BirthDate":"1957-08-10T00:00:00","BirthDateIsProtected":false,"ParliamentaryName":"Mackay, Rona","PreferredName":"Rona","GenderTypeID":1,"IsCurrent":true},{"PersonID":5638,"PhotoURL":"http://scottishparliament.thirdlight.com/file/35783688355","Notes":"","BirthDate":"1972-11-28T00:00:00","BirthDateIsProtected":false,"ParliamentaryName":"Smyth, Colin","PreferredName":"Colin","GenderTypeID":2,"IsCurrent":true},{"PersonID":5651,"PhotoURL":"http://scottishparliament.thirdlight.com/file/35783687854","Notes":"","BirthDate":"1975-01-23T00:00:00","BirthDateIsProtected":false,"ParliamentaryName":"Kerr, Liam","PreferredName":"Liam","GenderTypeID":2,"IsCurrent":true},{"PersonID":5665,"PhotoURL":"http://scottishparliament.thirdlight.com/file/35783688483","Notes":"","BirthDate":"1973-07-30T00:00:00","BirthDateIsProtected":false,"ParliamentaryName":"Burnett, Alexander","PreferredName":"Alexander","GenderTypeID":2,"IsCurrent":true},{"PersonID":5669,"PhotoURL":"http://scottishparliament.thirdlight.com/file/35783691275","Notes":"","BirthDate":"1974-09-02T00:00:00","BirthDateIsProtected":false,"ParliamentaryName":"Todd, Maree","PreferredName":"Maree","GenderTypeID":1,"IsCurrent":true},{"PersonID":5677,"PhotoURL":"http://scottishparliament.thirdlight.com/file/35786761150","Notes":"","BirthDate":"1976-11-26T00:00:00","BirthDateIsProtected":false,"ParliamentaryName":"Cameron, Donald","PreferredName":"Donald","GenderTypeID":2,"IsCurrent":true},{"PersonID":5679,"PhotoURL":"","Notes":"","BirthDate":null,"BirthDateIsProtected":false,"ParliamentaryName":"Chapman, Peter","PreferredName":"Peter","GenderTypeID":2,"IsCurrent":false},{"PersonID":5695,"PhotoURL":"","Notes":"","BirthDate":null,"BirthDateIsProtected":false,"ParliamentaryName":"Wightman, Andy","PreferredName":"Andy","GenderTypeID":2,"IsCurrent":false},{"PersonID":5698,"PhotoURL":"http://scottishparliament.thirdlight.com/file/35681770981","Notes":"","BirthDate":"1980-03-19T00:00:00","BirthDateIsProtected":false,"ParliamentaryName":"Greene, Jamie","PreferredName":"Jamie","GenderTypeID":2,"IsCurrent":true},{"PersonID":5700,"PhotoURL":"","Notes":"","BirthDate":null,"BirthDateIsProtected":true,"ParliamentaryName":"Corry, Maurice","PreferredName":"Maurice","GenderTypeID":2,"IsCurrent":false},{"PersonID":5709,"PhotoURL":"http://scottishparliament.thirdlight.com/file/35781571941","Notes":"","BirthDate":"1989-12-01T00:00:00","BirthDateIsProtected":false,"ParliamentaryName":"Mundell, Oliver","PreferredName":"Oliver","GenderTypeID":2,"IsCurrent":true},{"PersonID":5757,"PhotoURL":"http://scottishparliament.thirdlight.com/file/35783687836","Notes":"","BirthDate":"1994-06-01T00:00:00","BirthDateIsProtected":false,"ParliamentaryName":"Greer, Ross","PreferredName":"Ross","GenderTypeID":2,"IsCurrent":true},{"PersonID":5769,"PhotoURL":"http://scottishparliament.thirdlight.com/file/35781571479","Notes":"","BirthDate":"1970-09-19T00:00:00","BirthDateIsProtected":false,"ParliamentaryName":"Hamilton, Rachael","PreferredName":"Rachael","GenderTypeID":1,"IsCurrent":true},{"PersonID":5771,"PhotoURL":"http://scottishparliament.thirdlight.com/file/76615399862","Notes":"","BirthDate":"1967-03-14T00:00:00","BirthDateIsProtected":false,"ParliamentaryName":"Harper, Emma","PreferredName":"Emma","GenderTypeID":1,"IsCurrent":true},{"PersonID":5781,"PhotoURL":"","Notes":"","BirthDate":null,"BirthDateIsProtected":true,"ParliamentaryName":"Harris, Alison","PreferredName":"Alison","GenderTypeID":1,"IsCurrent":false},{"PersonID":5782,"PhotoURL":"http://scottishparliament.thirdlight.com/file/40400707229","Notes":"","BirthDate":"1967-10-18T00:00:00","BirthDateIsProtected":false,"ParliamentaryName":"Carson, Finlay","PreferredName":"Finlay","GenderTypeID":2,"IsCurrent":true},{"PersonID":5783,"PhotoURL":"","Notes":"","BirthDate":null,"BirthDateIsProtected":true,"ParliamentaryName":"Tomkins, Adam","PreferredName":"Adam","GenderTypeID":2,"IsCurrent":false},{"PersonID":5788,"PhotoURL":"http://scottishparliament.thirdlight.com/file/35783686421","Notes":"","BirthDate":"1972-02-24T00:00:00","BirthDateIsProtected":false,"ParliamentaryName":"Wells, Annie","PreferredName":"Annie","GenderTypeID":1,"IsCurrent":true},{"PersonID":5793,"PhotoURL":"http://scottishparliament.thirdlight.com/file/35783688325","Notes":"","BirthDate":"1964-04-26T00:00:00","BirthDateIsProtected":false,"ParliamentaryName":"Whittle, Brian","PreferredName":"Brian","GenderTypeID":2,"IsCurrent":true},{"PersonID":5797,"PhotoURL":"","Notes":"","BirthDate":null,"BirthDateIsProtected":false,"ParliamentaryName":"Ballantyne, Michelle","PreferredName":"Michelle","GenderTypeID":1,"IsCurrent":false},{"PersonID":5800,"PhotoURL":"http://scottishparliament.thirdlight.com/file/44183378552","Notes":"","BirthDate":"1975-10-08T00:00:00","BirthDateIsProtected":false,"ParliamentaryName":"Halcro Johnston, Jamie","PreferredName":"Jamie","GenderTypeID":2,"IsCurrent":true},{"PersonID":5809,"PhotoURL":"","Notes":"","BirthDate":null,"BirthDateIsProtected":false,"ParliamentaryName":"Lockhart, Dean","PreferredName":"Dean","GenderTypeID":2,"IsCurrent":false},{"PersonID":5815,"PhotoURL":"http://scottishparliament.thirdlight.com/file/35781571595","Notes":"","BirthDate":"1977-07-22T00:00:00","BirthDateIsProtected":false,"ParliamentaryName":"Cole-Hamilton, Alex","PreferredName":"Alex","GenderTypeID":2,"IsCurrent":true},{"PersonID":5866,"PhotoURL":"http://scottishparliament.thirdlight.com/file/35781571135","Notes":"","BirthDate":"1962-11-29T00:00:00","BirthDateIsProtected":false,"ParliamentaryName":"Stewart, Alexander","PreferredName":"Alexander","GenderTypeID":2,"IsCurrent":true},{"PersonID":5868,"PhotoURL":"http://scottishparliament.thirdlight.com/file/35783688599","Notes":"","BirthDate":"1985-10-01T00:00:00","BirthDateIsProtected":false,"ParliamentaryName":"Arthur, Tom","PreferredName":"Tom","GenderTypeID":2,"IsCurrent":true},{"PersonID":5877,"PhotoURL":"http://scottishparliament.thirdlight.com/file/35783688260","Notes":"","BirthDate":"1967-03-11T00:00:00","BirthDateIsProtected":false,"ParliamentaryName":"Balfour, Jeremy","PreferredName":"Jeremy","GenderTypeID":2,"IsCurrent":true},{"PersonID":5929,"PhotoURL":"","Notes":"","BirthDate":null,"BirthDateIsProtected":false,"ParliamentaryName":"Mason, Tom","PreferredName":"Tom","GenderTypeID":2,"IsCurrent":false},{"PersonID":6090,"PhotoURL":"","Notes":"","BirthDate":null,"BirthDateIsProtected":true,"ParliamentaryName":"Bowman, Bill","PreferredName":"Bill","GenderTypeID":2,"IsCurrent":false},{"PersonID":15631,"PhotoURL":"http://scottishparliament.thirdlight.com/file/56730435752","Notes":"","BirthDate":"1956-01-02T00:00:00","BirthDateIsProtected":false,"ParliamentaryName":"Wishart, Beatrice","PreferredName":"Beatrice","GenderTypeID":1,"IsCurrent":true},{"PersonID":16175,"PhotoURL":"http://scottishparliament.thirdlight.com/file/67370749352","Notes":"","BirthDate":"1967-10-02T00:00:00","BirthDateIsProtected":false,"ParliamentaryName":"Dunbar, Jackie","PreferredName":"Jackie","GenderTypeID":1,"IsCurrent":true},{"PersonID":16176,"PhotoURL":"http://scottishparliament.thirdlight.com/file/67354171544","Notes":"","BirthDate":"1975-04-13T00:00:00","BirthDateIsProtected":false,"ParliamentaryName":"McNair, Marie","PreferredName":"Marie","GenderTypeID":1,"IsCurrent":true},{"PersonID":16177,"PhotoURL":"http://scottishparliament.thirdlight.com/file/67370593660","Notes":"","BirthDate":"1975-06-07T00:00:00","BirthDateIsProtected":false,"ParliamentaryName":"Adam, Karen","PreferredName":"Karen","GenderTypeID":1,"IsCurrent":true},{"PersonID":16178,"PhotoURL":"http://scottishparliament.thirdlight.com/file/67354171529","Notes":"","BirthDate":"1965-03-11T00:00:00","BirthDateIsProtected":false,"ParliamentaryName":"Thomson, Michelle","PreferredName":"Michelle","GenderTypeID":1,"IsCurrent":true},{"PersonID":16179,"PhotoURL":"http://scottishparliament.thirdlight.com/file/67355781738","Notes":"","BirthDate":"1966-12-08T00:00:00","BirthDateIsProtected":false,"ParliamentaryName":"McLennan, Paul","PreferredName":"Paul","GenderTypeID":2,"IsCurrent":true},{"PersonID":16180,"PhotoURL":"http://scottishparliament.thirdlight.com/file/67354928689","Notes":"","BirthDate":"1986-03-16T00:00:00","BirthDateIsProtected":false,"ParliamentaryName":"Gray, Neil","PreferredName":"Neil","GenderTypeID":2,"IsCurrent":true},{"PersonID":16181,"PhotoURL":"http://scottishparliament.thirdlight.com/file/67355682514","Notes":"","BirthDate":"1989-02-12T00:00:00","BirthDateIsProtected":false,"ParliamentaryName":"Don, Natalie","PreferredName":"Natalie","GenderTypeID":1,"IsCurrent":true},{"PersonID":16182,"PhotoURL":"http://scottishparliament.thirdlight.com/file/67355780235","Notes":"","BirthDate":"1967-08-29T00:00:00","BirthDateIsProtected":false,"ParliamentaryName":"Tweed, Evelyn","PreferredName":"Evelyn","GenderTypeID":1,"IsCurrent":true},{"PersonID":16183,"PhotoURL":"http://scottishparliament.thirdlight.com/file/67374112656","Notes":"","BirthDate":"1971-10-20T00:00:00","BirthDateIsProtected":false,"ParliamentaryName":"Brown, Siobhian","PreferredName":"Siobhian","GenderTypeID":1,"IsCurrent":true},{"PersonID":16184,"PhotoURL":"http://scottishparliament.thirdlight.com/file/67374111660","Notes":"","BirthDate":"1968-11-29T00:00:00","BirthDateIsProtected":false,"ParliamentaryName":"Minto, Jenni","PreferredName":"Jenni","GenderTypeID":1,"IsCurrent":true},{"PersonID":16185,"PhotoURL":"http://scottishparliament.thirdlight.com/file/67354912111","Notes":"","BirthDate":"1969-09-28T00:00:00","BirthDateIsProtected":false,"ParliamentaryName":"Robertson, Angus","PreferredName":"Angus","GenderTypeID":2,"IsCurrent":true},{"PersonID":16186,"PhotoURL":"http://scottishparliament.thirdlight.com/file/67371828432","Notes":"","BirthDate":"1960-10-11T00:00:00","BirthDateIsProtected":false,"ParliamentaryName":"Nicoll, Audrey","PreferredName":"Audrey","GenderTypeID":1,"IsCurrent":true},{"PersonID":16187,"PhotoURL":"http://scottishparliament.thirdlight.com/file/67354171933","Notes":"","BirthDate":"1967-03-08T00:00:00","BirthDateIsProtected":false,"ParliamentaryName":"Fairlie, Jim","PreferredName":"Jim","GenderTypeID":2,"IsCurrent":true},{"PersonID":16188,"PhotoURL":"http://scottishparliament.thirdlight.com/file/67354912193","Notes":"","BirthDate":"1971-04-24T00:00:00","BirthDateIsProtected":false,"ParliamentaryName":"Callaghan, Stephanie","PreferredName":"Stephanie","GenderTypeID":1,"IsCurrent":true},{"PersonID":16189,"PhotoURL":"http://scottishparliament.thirdlight.com/file/67370749846","Notes":"","BirthDate":"1974-07-09T00:00:00","BirthDateIsProtected":false,"ParliamentaryName":"Whitham, Elena","PreferredName":"Elena","GenderTypeID":1,"IsCurrent":true},{"PersonID":16190,"PhotoURL":"http://scottishparliament.thirdlight.com/file/67355780519","Notes":"","BirthDate":"1993-02-14T00:00:00","BirthDateIsProtected":false,"ParliamentaryName":"McAllan, Màiri","PreferredName":"Màiri","GenderTypeID":1,"IsCurrent":true},{"PersonID":16191,"PhotoURL":"http://scottishparliament.thirdlight.com/file/67355682929","Notes":"","BirthDate":"1969-03-15T00:00:00","BirthDateIsProtected":false,"ParliamentaryName":"Stevenson, Collette","PreferredName":"Collette","GenderTypeID":1,"IsCurrent":true},{"PersonID":16192,"PhotoURL":"http://scottishparliament.thirdlight.com/file/67354912137","Notes":"","BirthDate":"1967-12-07T00:00:00","BirthDateIsProtected":false,"ParliamentaryName":"Stewart, Kaukab","PreferredName":"Kaukab","GenderTypeID":1,"IsCurrent":true},{"PersonID":16193,"PhotoURL":"http://scottishparliament.thirdlight.com/file/67355682885","Notes":"","BirthDate":"1960-09-26T00:00:00","BirthDateIsProtected":false,"ParliamentaryName":"Kerr, Stephen","PreferredName":"Stephen","GenderTypeID":2,"IsCurrent":true},{"PersonID":16194,"PhotoURL":"http://scottishparliament.thirdlight.com/file/67651906155","Notes":"","BirthDate":"1992-01-17T00:00:00","BirthDateIsProtected":false,"ParliamentaryName":"Gallacher, Meghan","PreferredName":"Meghan","GenderTypeID":1,"IsCurrent":true},{"PersonID":16195,"PhotoURL":"http://scottishparliament.thirdlight.com/file/67355682236","Notes":"","BirthDate":"1991-08-11T00:00:00","BirthDateIsProtected":false,"ParliamentaryName":"Mackay, Gillian","PreferredName":"Gillian","GenderTypeID":1,"IsCurrent":true},{"PersonID":16196,"PhotoURL":"http://scottishparliament.thirdlight.com/file/67374112173","Notes":"","BirthDate":"1965-11-17T00:00:00","BirthDateIsProtected":false,"ParliamentaryName":"Burgess, Ariane","PreferredName":"Ariane","GenderTypeID":1,"IsCurrent":true},{"PersonID":16197,"PhotoURL":"http://scottishparliament.thirdlight.com/file/67370593628","Notes":"","BirthDate":"1997-07-30T00:00:00","BirthDateIsProtected":false,"ParliamentaryName":"Roddick, Emma","PreferredName":"Emma","GenderTypeID":1,"IsCurrent":true},{"PersonID":16198,"PhotoURL":"http://scottishparliament.thirdlight.com/file/67370750539","Notes":"","BirthDate":"1989-01-16T00:00:00","BirthDateIsProtected":false,"ParliamentaryName":"Sweeney, Paul","PreferredName":"Paul","GenderTypeID":2,"IsCurrent":true},{"PersonID":16199,"PhotoURL":"http://scottishparliament.thirdlight.com/file/67374112119","Notes":"","BirthDate":"1981-11-02T00:00:00","BirthDateIsProtected":false,"ParliamentaryName":"Duncan-Glancy, Pam","PreferredName":"Pam","GenderTypeID":1,"IsCurrent":true},{"PersonID":16200,"PhotoURL":"http://scottishparliament.thirdlight.com/file/67374112946","Notes":"","BirthDate":"1982-01-22T00:00:00","BirthDateIsProtected":false,"ParliamentaryName":"Gulhane, Sandesh","PreferredName":"Sandesh","GenderTypeID":2,"IsCurrent":true},{"PersonID":16201,"PhotoURL":"http://scottishparliament.thirdlight.com/file/67354170533","Notes":"","BirthDate":"1973-01-04T00:00:00","BirthDateIsProtected":false,"ParliamentaryName":"Findlay, Russell","PreferredName":"Russell","GenderTypeID":2,"IsCurrent":true},{"PersonID":16202,"PhotoURL":"http://scottishparliament.thirdlight.com/file/67978159883","Notes":"","BirthDate":"1967-07-03T00:00:00","BirthDateIsProtected":false,"ParliamentaryName":"Clark, Katy","PreferredName":"Katy","GenderTypeID":1,"IsCurrent":true},{"PersonID":16203,"PhotoURL":"http://scottishparliament.thirdlight.com/file/67354171896","Notes":"","BirthDate":"1988-03-21T00:00:00","BirthDateIsProtected":false,"ParliamentaryName":"O'Kane, Paul","PreferredName":"Paul","GenderTypeID":2,"IsCurrent":true},{"PersonID":16204,"PhotoURL":"http://scottishparliament.thirdlight.com/file/67354171305","Notes":"","BirthDate":"1972-04-25T00:00:00","BirthDateIsProtected":false,"ParliamentaryName":"Gosal, Pam","PreferredName":"Pam","GenderTypeID":1,"IsCurrent":true},{"PersonID":16205,"PhotoURL":"http://scottishparliament.thirdlight.com/file/67370593194","Notes":"","BirthDate":"1979-07-10T00:00:00","BirthDateIsProtected":false,"ParliamentaryName":"Marra, Michael","PreferredName":"Michael","GenderTypeID":2,"IsCurrent":true},{"PersonID":16206,"PhotoURL":"http://scottishparliament.thirdlight.com/file/67355781752","Notes":"","BirthDate":"1971-08-31T00:00:00","BirthDateIsProtected":false,"ParliamentaryName":"Lumsden, Douglas","PreferredName":"Douglas","GenderTypeID":2,"IsCurrent":true},{"PersonID":16207,"PhotoURL":"http://scottishparliament.thirdlight.com/file/67374113466","Notes":"","BirthDate":"1979-02-12T00:00:00","BirthDateIsProtected":false,"ParliamentaryName":"Chapman, Maggie","PreferredName":"Maggie","GenderTypeID":1,"IsCurrent":true},{"PersonID":16208,"PhotoURL":"http://scottishparliament.thirdlight.com/file/67374111581","Notes":"","BirthDate":"1965-02-18T00:00:00","BirthDateIsProtected":false,"ParliamentaryName":"White, Tess","PreferredName":"Tess","GenderTypeID":1,"IsCurrent":true},{"PersonID":16209,"PhotoURL":"http://scottishparliament.thirdlight.com/file/67371827963","Notes":"","BirthDate":"1989-05-29T00:00:00","BirthDateIsProtected":false,"ParliamentaryName":"Villalba, Mercedes","PreferredName":"Mercedes","GenderTypeID":1,"IsCurrent":true},{"PersonID":16210,"PhotoURL":"http://scottishparliament.thirdlight.com/file/67370593643","Notes":"","BirthDate":"1975-07-05T00:00:00","BirthDateIsProtected":false,"ParliamentaryName":"Hoy, Craig","PreferredName":"Craig","GenderTypeID":2,"IsCurrent":true},{"PersonID":16211,"PhotoURL":"http://scottishparliament.thirdlight.com/file/67371828940","Notes":"","BirthDate":"1970-08-05T00:00:00","BirthDateIsProtected":false,"ParliamentaryName":"Mochan, Carol","PreferredName":"Carol","GenderTypeID":1,"IsCurrent":true},{"PersonID":16212,"PhotoURL":"http://scottishparliament.thirdlight.com/file/67370749816","Notes":"","BirthDate":"1970-03-28T00:00:00","BirthDateIsProtected":false,"ParliamentaryName":"Dowey, Sharon","PreferredName":"Sharon","GenderTypeID":1,"IsCurrent":true},{"PersonID":16213,"PhotoURL":"http://scottishparliament.thirdlight.com/file/67374111216","Notes":"","BirthDate":"1965-08-12T00:00:00","BirthDateIsProtected":false,"ParliamentaryName":"Whitfield, Martin","PreferredName":"Martin","GenderTypeID":2,"IsCurrent":true},{"PersonID":16214,"PhotoURL":"http://scottishparliament.thirdlight.com/file/67371828310","Notes":"","BirthDate":"1972-08-19T00:00:00","BirthDateIsProtected":false,"ParliamentaryName":"Webber, Sue","PreferredName":"Sue","GenderTypeID":1,"IsCurrent":true},{"PersonID":16215,"PhotoURL":"http://scottishparliament.thirdlight.com/file/67354170146","Notes":"","BirthDate":"1975-09-27T00:00:00","BirthDateIsProtected":false,"ParliamentaryName":"Slater, Lorna","PreferredName":"Lorna","GenderTypeID":1,"IsCurrent":true},{"PersonID":16216,"PhotoURL":"http://scottishparliament.thirdlight.com/file/67355781310","Notes":"","BirthDate":"1967-01-05T00:00:00","BirthDateIsProtected":false,"ParliamentaryName":"Choudhury, Foysol","PreferredName":"Foysol","GenderTypeID":2,"IsCurrent":true},{"PersonID":16970,"PhotoURL":"http://scottishparliament.thirdlight.com/file/75959091720","Notes":"","BirthDate":null,"BirthDateIsProtected":true,"ParliamentaryName":"McCall, Roz","PreferredName":"Roz","GenderTypeID":1,"IsCurrent":true}